{
  "mse_mean": 0.00041936161194004214,
  "mse_std": 0.0006317874987560036,
  "psnr_mean": 38.95622247586719,
  "psnr_std": 8.717255603340634,
  "ssim_mean": 0.9519493567108644,
  "ssim_std": 0.047115287750709174,
  "msssim_mean": 0.9945803772680888,
  "msssim_std": 0.006306995720182453,
  "samples": 3598
}