{
  "mse_mean": 0.002957718583892683,
  "mse_std": 0.003936647138011597,
  "psnr_mean": Infinity,
  "psnr_std": NaN,
  "ssim_mean": 0.7352470340887463,
  "ssim_std": 0.1825789308320079,
  "msssim_mean": 0.9185123794969418,
  "msssim_std": 0.06413405747436644,
  "samples": 3598
}