{
  "mse_mean": 0.0006030678871153335,
  "mse_std": 0.000919910811970348,
  "psnr_mean": 37.64939234533729,
  "psnr_std": 9.214974843654076,
  "ssim_mean": 0.9348369602397656,
  "ssim_std": 0.0612979380901812,
  "msssim_mean": 0.9968206820022801,
  "msssim_std": 0.003158123240911119,
  "samples": 3598
}