{
  "mse_mean": 0.00032089704204265094,
  "mse_std": 0.0004750274208232656,
  "psnr_mean": 39.977756857010576,
  "psnr_std": 8.471253217587318,
  "ssim_mean": 0.964418121332457,
  "ssim_std": 0.03569425026250307,
  "msssim_mean": 0.996312255028422,
  "msssim_std": 0.004158258526810361,
  "samples": 3598
}