{
  "mse_mean": 0.0019278012366447704,
  "mse_std": 0.0028174197565407786,
  "psnr_mean": 32.32075960282288,
  "psnr_std": 9.71918115406317,
  "ssim_mean": 0.8186592561477022,
  "ssim_std": 0.13575867656462146,
  "msssim_mean": 0.9609578979585223,
  "msssim_std": 0.03343105396277087,
  "samples": 3598
}