{
  "mse_mean": 0.0029551791270118846,
  "mse_std": 0.003934740966423361,
  "psnr_mean": Infinity,
  "psnr_std": NaN,
  "ssim_mean": 0.7353964813587863,
  "ssim_std": 0.18247167154267077,
  "msssim_mean": 0.9186249208026227,
  "msssim_std": 0.06405227264738858,
  "samples": 3598
}