{
  "mse_mean": 0.00026840757966397325,
  "mse_std": 0.0003859643052373099,
  "psnr_mean": 40.61242202336819,
  "psnr_std": 8.4910865818895,
  "ssim_mean": 0.9728002728622048,
  "ssim_std": 0.026753059396346136,
  "msssim_mean": 0.9971993197130454,
  "msssim_std": 0.002938414832469821,
  "samples": 3598
}