{
  "mse_mean": 0.00023260835225449516,
  "mse_std": 0.00033325250889353915,
  "psnr_mean": 41.304148671360664,
  "psnr_std": 8.673995755437431,
  "ssim_mean": 0.9778391787944866,
  "ssim_std": 0.021138016447705216,
  "msssim_mean": 0.9976430264461564,
  "msssim_std": 0.0023678713723432384,
  "samples": 3598
}