{
  "mse_mean": 0.001933689645301877,
  "mse_std": 0.002822707575628131,
  "psnr_mean": 32.28113494627074,
  "psnr_std": 9.604805168454691,
  "ssim_mean": 0.8180894769351306,
  "ssim_std": 0.13608820518969372,
  "msssim_mean": 0.9607644082275346,
  "msssim_std": 0.03357801937049206,
  "samples": 3598
}