{
  "mse_mean": 0.0012214168897190984,
  "mse_std": 0.0018277091998353653,
  "psnr_mean": 34.3560413161273,
  "psnr_std": 9.279722031031959,
  "ssim_mean": 0.8804664621756035,
  "ssim_std": 0.09711634615127226,
  "msssim_mean": 0.9801601276853603,
  "msssim_std": 0.01830430151670163,
  "samples": 3598
}