{
  "mse_mean": 0.00025842424906216287,
  "mse_std": 0.0003768740340624644,
  "psnr_mean": 40.88570942913181,
  "psnr_std": 8.702728474131218,
  "ssim_mean": 0.9727085885602677,
  "ssim_std": 0.027355361243779797,
  "msssim_mean": 0.9972279687733568,
  "msssim_std": 0.0030239217011904405,
  "samples": 3598
}