{
  "mse_mean": 0.0005889285171601205,
  "mse_std": 0.0009052025706294629,
  "psnr_mean": 37.75952522856716,
  "psnr_std": 9.135293317251353,
  "ssim_mean": 0.9356773998619385,
  "ssim_std": 0.06102519364392424,
  "msssim_mean": 0.996873027039873,
  "msssim_std": 0.0031378646534051895,
  "samples": 3598
}