{
  "mse_mean": 0.0012095051344688395,
  "mse_std": 0.0018102442315614605,
  "psnr_mean": 34.43394586733807,
  "psnr_std": 9.453007685980433,
  "ssim_mean": 0.8813290616384541,
  "ssim_std": 0.09672719065750186,
  "msssim_mean": 0.9803417237385437,
  "msssim_std": 0.018213241605849025,
  "samples": 3598
}