{
  "mse_mean": 0.0004159511498390931,
  "mse_std": 0.0006293463604425125,
  "psnr_mean": 38.98527676718576,
  "psnr_std": 8.679841621063044,
  "ssim_mean": 0.9523197344735703,
  "ssim_std": 0.04701702932672538,
  "msssim_mean": 0.9946495814082223,
  "msssim_std": 0.006302171156932461,
  "samples": 3598
}