{
  "mse_mean": 0.0003212451908249994,
  "mse_std": 0.0004773134385559272,
  "psnr_mean": 40.01202023884135,
  "psnr_std": 8.520547457300484,
  "ssim_mean": 0.9644574664446166,
  "ssim_std": 0.035894190286667314,
  "msssim_mean": 0.9962898985818732,
  "msssim_std": 0.004236932537388621,
  "samples": 3598
}